Date,Close/Last,Volume,Open,High,Low
10/25/2022,$152.34,74732290,$150.09,$152.49,$149.36
10/24/2022,$149.45,75981920,$147.185,$150.23,$146
10/21/2022,$147.27,86548610,$142.87,$147.8479,$142.649
10/20/2022,$143.39,64521990,$143.02,$145.89,$142.65
10/19/2022,$143.86,61758340,$141.69,$144.9492,$141.5
10/18/2022,$143.75,99136610,$145.49,$146.7,$140.61
10/17/2022,$142.41,85250940,$141.065,$142.9,$140.27
10/14/2022,$138.38,88597970,$144.31,$144.52,$138.19
10/13/2022,$142.99,113224000,$134.99,$143.59,$134.37
10/12/2022,$138.34,70433740,$139.13,$140.36,$138.16
10/11/2022,$138.98,77033670,$139.9,$141.35,$138.22
10/10/2022,$140.42,74899000,$140.42,$141.89,$138.5729
10/07/2022,$140.09,85925560,$142.54,$143.1,$139.445
10/06/2022,$145.43,68402170,$145.81,$147.54,$145.22
10/05/2022,$146.4,79470970,$144.075,$147.38,$143.01
10/04/2022,$146.1,87830060,$145.03,$146.22,$144.26
10/03/2022,$142.45,114311700,$138.21,$143.07,$137.685
09/30/2022,$138.2,124925300,$141.28,$143.1,$138
09/29/2022,$142.48,128138200,$146.1,$146.72,$140.68
09/28/2022,$149.84,146691400,$147.64,$150.6414,$144.84
09/27/2022,$151.76,84442740,$152.74,$154.72,$149.945
09/26/2022,$150.77,93339410,$149.66,$153.7701,$149.64
09/23/2022,$150.43,96029910,$151.19,$151.47,$148.56
09/22/2022,$152.74,86652540,$152.38,$154.47,$150.91
09/21/2022,$153.72,101696800,$157.34,$158.74,$153.6
09/20/2022,$156.9,107689800,$153.4,$158.08,$153.08
09/19/2022,$154.48,81474250,$149.31,$154.56,$149.1
09/16/2022,$150.7,162278800,$151.21,$151.35,$148.37
09/15/2022,$152.37,90481110,$154.65,$155.24,$151.38
09/14/2022,$155.31,87965410,$154.785,$157.1,$153.6106
09/13/2022,$153.84,122656600,$159.9,$160.54,$153.37
09/12/2022,$163.43,104956000,$159.59,$164.26,$159.3
09/09/2022,$157.37,68081010,$155.47,$157.82,$154.75
09/08/2022,$154.46,84923850,$154.64,$156.36,$152.68
09/07/2022,$155.96,87449570,$154.825,$156.67,$153.61
09/06/2022,$154.53,73714840,$156.47,$157.09,$153.69
09/02/2022,$155.81,76957770,$159.75,$160.362,$154.965
09/01/2022,$157.96,74229900,$156.64,$158.42,$154.67
08/31/2022,$157.22,87991090,$160.305,$160.58,$157.14
08/30/2022,$158.91,77906200,$162.13,$162.56,$157.72
08/29/2022,$161.38,73313950,$161.145,$162.9,$159.82
08/26/2022,$163.62,78960980,$170.57,$171.05,$163.56
08/25/2022,$170.03,51218210,$168.78,$170.14,$168.35
08/24/2022,$167.53,53841520,$167.32,$168.11,$166.245
08/23/2022,$167.23,54147080,$167.08,$168.71,$166.65
08/22/2022,$167.57,69026810,$169.69,$169.86,$167.135
08/19/2022,$171.52,70346300,$173.03,$173.74,$171.3101
08/18/2022,$174.15,62290080,$173.75,$174.9,$173.12
08/17/2022,$174.55,79542040,$172.77,$176.15,$172.57
08/16/2022,$173.03,56377050,$172.78,$173.71,$171.6618
08/15/2022,$173.19,54091690,$171.52,$173.39,$171.345
08/12/2022,$172.1,68039380,$169.82,$172.17,$169.4
08/11/2022,$168.49,57149160,$170.06,$170.99,$168.19
08/10/2022,$169.24,70170540,$167.68,$169.34,$166.9
08/09/2022,$164.92,63135500,$164.02,$165.82,$163.25
08/08/2022,$164.87,60362340,$166.37,$167.81,$164.2
08/05/2022,$165.35,56696990,$163.21,$165.85,$163
08/04/2022,$165.81,55474140,$166.005,$167.19,$164.43
08/03/2022,$166.13,82507490,$160.84,$166.59,$160.75
08/02/2022,$160.01,59907030,$160.1,$162.41,$159.63
08/01/2022,$161.51,67829380,$161.01,$163.59,$160.89
07/29/2022,$162.51,101786900,$161.24,$163.63,$159.5
07/28/2022,$157.35,81378730,$156.98,$157.64,$154.41
07/27/2022,$156.79,78620690,$152.58,$157.33,$152.16
07/26/2022,$151.6,55138690,$152.265,$153.085,$150.8
07/25/2022,$152.95,53623950,$154.01,$155.04,$152.28
07/22/2022,$154.09,66675410,$155.39,$156.28,$153.41
07/21/2022,$155.35,65086640,$154.5,$155.57,$151.94
07/20/2022,$153.04,64823410,$151.12,$153.72,$150.37
07/19/2022,$151,82982370,$147.92,$151.23,$146.91
07/18/2022,$147.07,81420870,$150.74,$151.57,$146.7
07/15/2022,$150.17,76259930,$149.78,$150.86,$148.2
07/14/2022,$148.47,78140740,$144.08,$148.95,$143.25
07/13/2022,$145.49,71185560,$142.99,$146.45,$142.1201
07/12/2022,$145.86,77588760,$145.76,$148.45,$145.05
07/11/2022,$144.87,63305110,$145.67,$146.64,$143.78
07/08/2022,$147.04,64547800,$145.265,$147.55,$145
07/07/2022,$146.35,66253710,$143.29,$146.55,$143.28
07/06/2022,$142.92,74064250,$141.355,$144.12,$141.08
07/05/2022,$141.56,73429640,$137.77,$141.61,$136.93
07/01/2022,$138.93,71051550,$136.04,$139.04,$135.66
06/30/2022,$136.72,98964470,$137.25,$138.37,$133.7737
06/29/2022,$139.23,66242410,$137.46,$140.67,$136.67
06/28/2022,$137.44,67315330,$142.13,$143.422,$137.325
06/27/2022,$141.66,70207910,$142.695,$143.49,$140.965
06/24/2022,$141.66,89116840,$139.9,$141.91,$139.77
06/23/2022,$138.27,72433770,$136.82,$138.59,$135.63
06/22/2022,$135.35,73409230,$134.79,$137.76,$133.91
06/21/2022,$135.87,81000490,$133.42,$137.06,$133.32
06/17/2022,$131.56,134520300,$130.065,$133.079,$129.81
06/16/2022,$130.06,107961500,$132.08,$132.39,$129.04
06/15/2022,$135.43,91532970,$134.29,$137.34,$132.16
06/14/2022,$132.76,84784330,$133.13,$133.89,$131.48
06/13/2022,$131.88,122207100,$132.87,$135.2,$131.44
06/10/2022,$137.13,91566640,$140.28,$140.76,$137.06
06/09/2022,$142.64,69472980,$147.08,$147.95,$142.53
06/08/2022,$147.96,53950200,$148.58,$149.8697,$147.46
06/07/2022,$148.71,67808150,$144.345,$149,$144.1
06/06/2022,$146.14,71598380,$147.03,$148.5689,$144.9
06/03/2022,$145.38,88570290,$146.9,$147.97,$144.46
06/02/2022,$151.21,72348060,$147.83,$151.27,$146.86
06/01/2022,$148.71,74286640,$149.9,$151.74,$147.68
05/31/2022,$148.84,103718400,$149.07,$150.66,$146.84
05/27/2022,$149.64,90978500,$145.39,$149.68,$145.26
05/26/2022,$143.78,90601550,$137.39,$144.34,$137.14
05/25/2022,$140.52,92482700,$138.43,$141.785,$138.34
05/24/2022,$140.36,104132700,$140.805,$141.97,$137.33
05/23/2022,$143.11,117726300,$137.79,$143.26,$137.65
05/20/2022,$137.59,137426100,$139.09,$140.7,$132.61
05/19/2022,$137.35,136095600,$139.88,$141.66,$136.6
05/18/2022,$140.82,109742900,$146.85,$147.3601,$139.9
05/17/2022,$149.24,78336250,$148.86,$149.77,$146.68
05/16/2022,$145.54,86643780,$145.55,$147.5199,$144.18
05/13/2022,$147.11,113990900,$144.59,$148.105,$143.11
05/12/2022,$142.56,182602000,$142.77,$146.2,$138.8
05/11/2022,$146.5,142689800,$153.5,$155.45,$145.81
05/10/2022,$154.51,115366700,$155.52,$156.74,$152.93
05/09/2022,$152.06,131577900,$154.925,$155.83,$151.49
05/06/2022,$157.28,116124600,$156.01,$159.44,$154.18
05/05/2022,$156.77,130525300,$163.85,$164.08,$154.95
05/04/2022,$166.02,108256500,$159.67,$166.48,$159.26
05/03/2022,$159.48,88966530,$158.15,$160.71,$156.32
05/02/2022,$157.96,123055300,$156.71,$158.23,$153.27
04/29/2022,$157.65,131747600,$161.84,$166.2,$157.25
04/28/2022,$163.64,130216800,$159.25,$164.515,$158.93
04/27/2022,$156.57,88063190,$155.91,$159.79,$155.38
04/26/2022,$156.8,95623240,$162.25,$162.34,$156.72
04/25/2022,$162.88,96046380,$161.12,$163.17,$158.46
04/22/2022,$161.79,84882420,$166.46,$167.8699,$161.5
04/21/2022,$166.42,87227770,$168.91,$171.53,$165.91
04/20/2022,$167.23,67929810,$168.76,$168.88,$166.1
04/19/2022,$167.4,67723830,$165.02,$167.82,$163.91
04/18/2022,$165.07,69023940,$163.92,$166.5984,$163.57
04/14/2022,$165.29,75329380,$170.62,$171.27,$165.04
04/13/2022,$170.4,70618930,$167.39,$171.04,$166.77
04/12/2022,$167.66,79265180,$168.02,$169.87,$166.64
04/11/2022,$165.75,72246710,$168.71,$169.03,$165.5
04/08/2022,$170.09,76575510,$171.78,$171.78,$169.2
04/07/2022,$172.14,77594650,$171.16,$173.36,$169.85
04/06/2022,$171.83,89058780,$172.36,$173.63,$170.13
04/05/2022,$175.06,73401790,$177.5,$178.3,$174.415
04/04/2022,$178.44,76545980,$174.57,$178.49,$174.44
04/01/2022,$174.31,78751330,$174.03,$174.88,$171.94
03/31/2022,$174.61,103049300,$177.84,$178.03,$174.4
03/30/2022,$177.77,92633150,$178.55,$179.61,$176.7
03/29/2022,$178.96,100589400,$176.69,$179.01,$176.34
03/28/2022,$175.6,90371920,$172.17,$175.73,$172
03/25/2022,$174.72,80546160,$173.88,$175.28,$172.75
03/24/2022,$174.07,90131420,$171.06,$174.14,$170.21
03/23/2022,$170.21,98062670,$167.99,$172.64,$167.65
03/22/2022,$168.82,81532010,$165.51,$169.42,$164.91
03/21/2022,$165.38,95811350,$163.51,$166.35,$163.015
03/18/2022,$163.98,123511700,$160.51,$164.48,$159.76
03/17/2022,$160.62,75615380,$158.61,$161,$157.63
03/16/2022,$159.59,102300200,$157.05,$160,$154.46
03/15/2022,$155.09,92964300,$150.9,$155.57,$150.38
03/14/2022,$150.62,108732100,$151.45,$154.12,$150.1
03/11/2022,$154.73,96970100,$158.93,$159.28,$154.5
03/10/2022,$158.52,105342000,$160.2,$160.39,$155.98
03/09/2022,$162.95,91454910,$161.475,$163.41,$159.41
03/08/2022,$157.44,131148300,$158.82,$162.88,$155.8
03/07/2022,$159.3,96418850,$163.36,$165.02,$159.04
03/04/2022,$163.17,83819590,$164.49,$165.55,$162.1
03/03/2022,$166.23,76678440,$168.47,$168.91,$165.55
03/02/2022,$166.56,79724750,$164.39,$167.36,$162.95
03/01/2022,$163.2,83474430,$164.695,$166.6,$161.97
02/28/2022,$165.12,95056630,$163.06,$165.42,$162.43
02/25/2022,$164.85,91974220,$163.84,$165.12,$160.8738
02/24/2022,$162.74,141147500,$152.58,$162.85,$152
02/23/2022,$160.07,90009250,$165.54,$166.15,$159.75
02/22/2022,$164.32,91162760,$164.98,$166.69,$162.15
02/18/2022,$167.3,82772670,$169.82,$170.5413,$166.19
02/17/2022,$168.88,69589340,$171.03,$171.91,$168.47
02/16/2022,$172.55,61177400,$171.85,$173.34,$170.05
02/15/2022,$172.79,64286320,$170.97,$172.95,$170.25
02/14/2022,$168.88,86185530,$167.37,$169.58,$166.56
02/11/2022,$168.64,98670690,$172.33,$173.08,$168.04
02/10/2022,$172.12,90865900,$174.14,$175.48,$171.55
02/09/2022,$176.28,71285040,$176.05,$176.65,$174.9
02/08/2022,$174.83,74829220,$171.73,$175.35,$171.43
02/07/2022,$171.66,77251200,$172.86,$173.9458,$170.95
02/04/2022,$172.39,82465400,$171.68,$174.1,$170.68
02/03/2022,$172.9,89418070,$174.48,$176.2399,$172.12
02/02/2022,$175.84,84914260,$174.745,$175.88,$173.33
02/01/2022,$174.61,86213910,$174.01,$174.84,$172.31
01/31/2022,$174.78,115541600,$170.16,$175,$169.51
01/28/2022,$170.33,179935700,$165.71,$170.35,$162.8
01/27/2022,$159.22,121954600,$162.45,$163.84,$158.28
01/26/2022,$159.69,108275300,$163.5,$164.3894,$157.82
01/25/2022,$159.78,115798400,$158.98,$162.76,$157.02
01/24/2022,$161.62,162706700,$160.02,$162.3,$154.7
01/21/2022,$162.41,122848900,$164.415,$166.33,$162.3
01/20/2022,$164.51,91420520,$166.98,$169.68,$164.18
01/19/2022,$166.23,94814990,$170,$171.08,$165.94
01/18/2022,$169.8,91168730,$171.51,$172.54,$169.405
01/14/2022,$173.07,80440780,$171.34,$173.78,$171.09
01/13/2022,$172.19,84505760,$175.78,$176.62,$171.79
01/12/2022,$175.53,74805170,$176.12,$177.18,$174.82
01/11/2022,$175.08,76138310,$172.32,$175.18,$170.82
01/10/2022,$172.19,106765600,$169.08,$172.5,$168.17
01/07/2022,$172.17,86709150,$172.89,$174.14,$171.03
01/06/2022,$172,96903960,$172.7,$175.3,$171.64
01/05/2022,$174.92,94537600,$179.61,$180.17,$174.64
01/04/2022,$179.7,99310440,$182.63,$182.94,$179.12
01/03/2022,$182.01,104701200,$177.83,$182.88,$177.71
12/31/2021,$177.57,64062260,$178.085,$179.23,$177.26
12/30/2021,$178.2,59773010,$179.47,$180.57,$178.09
12/29/2021,$179.38,62348930,$179.33,$180.63,$178.14
12/28/2021,$179.29,79144340,$180.16,$181.33,$178.53
12/27/2021,$180.33,74919580,$177.085,$180.42,$177.07
12/23/2021,$176.28,68356570,$175.85,$176.8499,$175.27
12/22/2021,$175.64,92135300,$173.04,$175.86,$172.15
12/21/2021,$172.99,91185910,$171.555,$173.2,$169.12
12/20/2021,$169.75,107499100,$168.28,$170.58,$167.46
12/17/2021,$171.14,195923400,$169.93,$173.47,$169.69
12/16/2021,$172.26,150185800,$179.28,$181.14,$170.75
12/15/2021,$179.3,131063300,$175.11,$179.5,$172.3108
12/14/2021,$174.33,139380400,$175.25,$177.74,$172.21
12/13/2021,$175.74,153237000,$181.115,$182.13,$175.53
12/10/2021,$179.45,115402700,$175.205,$179.63,$174.69
12/09/2021,$174.56,108923700,$174.91,$176.75,$173.92
12/08/2021,$175.08,116998900,$172.125,$175.96,$170.7
12/07/2021,$171.18,120405400,$169.08,$171.58,$168.34
12/06/2021,$165.32,107497000,$164.29,$167.8799,$164.28
12/03/2021,$161.84,118023100,$164.02,$164.96,$159.72
12/02/2021,$163.76,136739200,$158.735,$164.2,$157.8
12/01/2021,$164.77,152423000,$167.48,$170.3,$164.53
11/30/2021,$165.3,174048100,$159.985,$165.52,$159.92
11/29/2021,$160.24,88748220,$159.37,$161.19,$158.7901
11/26/2021,$156.81,76959750,$159.565,$160.45,$156.36
11/24/2021,$161.94,69463620,$160.75,$162.14,$159.64
11/23/2021,$161.41,96041900,$161.12,$161.8,$159.0601
11/22/2021,$161.02,117467900,$161.68,$165.7,$161
11/19/2021,$160.55,117305600,$157.65,$161.02,$156.5328
11/18/2021,$157.87,137827700,$153.71,$158.67,$153.05
11/17/2021,$153.49,88807000,$150.995,$155,$150.99
11/16/2021,$151,59256210,$149.94,$151.488,$149.34
11/15/2021,$150,59222800,$150.37,$151.88,$149.43
11/12/2021,$149.99,63804010,$148.43,$150.4,$147.48
11/11/2021,$147.87,40999950,$148.96,$149.43,$147.681
11/10/2021,$147.92,65187090,$150.02,$150.13,$147.85
11/09/2021,$150.81,56787930,$150.2,$151.428,$150.0601
11/08/2021,$150.44,55020870,$151.41,$151.57,$150.16
11/05/2021,$151.28,65463880,$151.89,$152.2,$150.06
11/04/2021,$150.96,60394620,$151.58,$152.43,$150.64
11/03/2021,$151.49,54511530,$150.39,$151.97,$149.82
11/02/2021,$150.02,69121990,$148.66,$151.57,$148.65
11/01/2021,$148.96,74588260,$148.985,$149.7,$147.8
10/29/2021,$149.8,124953200,$147.215,$149.94,$146.4128
10/28/2021,$152.57,100077900,$149.82,$153.165,$149.72
10/27/2021,$148.85,56094930,$149.36,$149.73,$148.49
10/26/2021,$149.32,60893400,$149.33,$150.84,$149.0101
10/25/2021,$148.64,50720560,$148.68,$149.37,$147.6211
10/22/2021,$148.69,58883440,$149.69,$150.18,$148.64
10/21/2021,$149.48,61420990,$148.81,$149.64,$147.87
10/20/2021,$149.26,58418790,$148.7,$149.7539,$148.12
10/19/2021,$148.76,76378890,$147.01,$149.17,$146.55
10/18/2021,$146.55,85589180,$143.445,$146.84,$143.16
10/15/2021,$144.84,67940330,$143.77,$144.895,$143.51
10/14/2021,$143.76,69907100,$142.11,$143.88,$141.51
10/13/2021,$140.91,78762720,$141.235,$141.4,$139.2
10/12/2021,$141.51,73035860,$143.23,$143.25,$141.0401
10/11/2021,$142.81,64452220,$142.27,$144.81,$141.81
10/08/2021,$142.9,58773160,$144.03,$144.1781,$142.56
10/07/2021,$143.29,61732660,$143.06,$144.215,$142.72
10/06/2021,$142,83221120,$139.47,$142.15,$138.37
10/05/2021,$141.11,80861060,$139.49,$142.24,$139.36
10/04/2021,$139.14,98322010,$141.76,$142.21,$138.27
10/01/2021,$142.65,94639580,$141.9,$142.92,$139.1101
09/30/2021,$141.5,89056660,$143.66,$144.378,$141.28
09/29/2021,$142.83,74602040,$142.47,$144.45,$142.03
09/28/2021,$141.91,108972300,$143.25,$144.75,$141.69
09/27/2021,$145.37,74150730,$145.47,$145.96,$143.82
09/24/2021,$146.92,53477870,$145.66,$147.4701,$145.56
09/23/2021,$146.83,64838170,$146.65,$147.08,$145.64
09/22/2021,$145.85,76404340,$144.45,$146.43,$143.7001
09/21/2021,$143.43,75833960,$143.93,$144.6,$142.78
09/20/2021,$142.94,123478900,$143.8,$144.84,$141.27
09/17/2021,$146.06,129868800,$148.82,$148.82,$145.76
09/16/2021,$148.79,68034150,$148.44,$148.97,$147.221
09/15/2021,$149.03,83281320,$148.56,$149.44,$146.37
09/14/2021,$148.12,109296300,$150.35,$151.07,$146.91
09/13/2021,$149.55,102404300,$150.63,$151.42,$148.75
09/10/2021,$148.97,140893200,$155,$155.48,$148.7
09/09/2021,$154.07,57305730,$155.49,$156.11,$153.95
09/08/2021,$155.11,74420210,$156.98,$157.04,$153.975
09/07/2021,$156.69,82278260,$154.97,$157.26,$154.39
09/03/2021,$154.3,57866070,$153.76,$154.63,$153.09
09/02/2021,$153.65,71171320,$153.87,$154.72,$152.4
09/01/2021,$152.51,80313710,$152.83,$154.98,$152.34
08/31/2021,$151.83,86453120,$152.66,$152.8,$151.29
08/30/2021,$153.12,90956720,$149,$153.49,$148.61
08/27/2021,$148.6,55802390,$147.48,$148.75,$146.83
08/26/2021,$147.54,48597200,$148.35,$149.12,$147.51
08/25/2021,$148.36,58991300,$149.81,$150.32,$147.8
08/24/2021,$149.62,48606430,$149.45,$150.86,$149.15
08/23/2021,$149.71,60131810,$148.31,$150.19,$147.89
08/20/2021,$148.19,60549630,$147.44,$148.5,$146.78
08/19/2021,$146.7,86960310,$145.03,$148,$144.5
08/18/2021,$146.36,86325990,$149.8,$150.72,$146.15
08/17/2021,$150.19,92229740,$150.23,$151.68,$149.09
08/16/2021,$151.12,103558800,$148.535,$151.19,$146.47
08/13/2021,$149.1,59375010,$148.97,$149.4444,$148.27
08/12/2021,$148.89,73779110,$146.19,$149.05,$145.84
08/11/2021,$145.86,48493460,$146.05,$146.72,$145.53
08/10/2021,$145.6,69023080,$146.44,$147.71,$145.3
08/09/2021,$146.09,48908690,$146.2,$146.7,$145.52
08/06/2021,$146.14,54126810,$146.35,$147.11,$145.63
08/05/2021,$147.06,46397670,$146.98,$147.84,$146.17
08/04/2021,$146.95,56368270,$147.27,$147.79,$146.28
08/03/2021,$147.36,64786620,$145.81,$148.045,$145.18
08/02/2021,$145.52,62879960,$146.36,$146.95,$145.25
07/30/2021,$145.86,70440630,$144.38,$146.33,$144.11
07/29/2021,$145.64,56699480,$144.685,$146.55,$144.58
07/28/2021,$144.98,118931200,$144.81,$146.97,$142.54
07/27/2021,$146.77,104818600,$149.12,$149.21,$145.55
07/26/2021,$148.99,72434090,$148.27,$149.83,$147.7
07/23/2021,$148.56,71447420,$147.55,$148.7177,$146.92
07/22/2021,$146.8,77338160,$145.935,$148.195,$145.81
07/21/2021,$145.4,74993460,$145.53,$146.13,$144.63
07/20/2021,$146.15,96350040,$143.46,$147.0997,$142.96
07/19/2021,$142.45,121434600,$143.75,$144.07,$141.67
07/16/2021,$146.39,93251430,$148.46,$149.76,$145.88
07/15/2021,$148.48,106820300,$149.24,$150,$147.09
07/14/2021,$149.15,127050800,$148.1,$149.57,$147.68
07/13/2021,$145.64,100827100,$144.03,$147.46,$143.63
07/12/2021,$144.5,76299720,$146.21,$146.32,$144
07/09/2021,$145.11,99890800,$142.75,$145.65,$142.6522
07/08/2021,$143.24,105575500,$141.58,$144.06,$140.665
07/07/2021,$144.57,104911600,$143.535,$144.89,$142.66
07/06/2021,$142.02,108181800,$140.07,$143.15,$140.07
07/02/2021,$139.96,78945570,$137.9,$140,$137.745
07/01/2021,$137.27,52485780,$136.6,$137.33,$135.76
06/30/2021,$136.96,63261390,$136.17,$137.41,$135.87
06/29/2021,$136.33,64556080,$134.8,$136.49,$134.35
06/28/2021,$134.78,62111300,$133.41,$135.245,$133.35
06/25/2021,$133.11,70783750,$133.46,$133.89,$132.81
06/24/2021,$133.41,68711000,$134.45,$134.64,$132.93
06/23/2021,$133.7,60214200,$133.77,$134.32,$133.23
06/22/2021,$133.98,74783620,$132.13,$134.08,$131.62
06/21/2021,$132.3,79663320,$130.3,$132.41,$129.21
06/18/2021,$130.46,108953300,$130.71,$131.51,$130.24
06/17/2021,$131.79,96721670,$129.8,$132.55,$129.65
06/16/2021,$130.15,91815030,$130.37,$130.89,$128.461
06/15/2021,$129.64,62746330,$129.94,$130.6,$129.39
06/14/2021,$130.48,96906490,$127.82,$130.54,$127.07
06/11/2021,$127.35,53522370,$126.53,$127.44,$126.1
06/10/2021,$126.11,71186420,$127.02,$128.19,$125.94
06/09/2021,$127.13,56877940,$127.21,$127.75,$126.52
06/08/2021,$126.74,74403770,$126.6,$128.46,$126.2101
06/07/2021,$125.9,71057550,$126.17,$126.32,$124.8321
06/04/2021,$125.89,75169340,$124.07,$126.16,$123.85
06/03/2021,$123.54,76229170,$124.68,$124.85,$123.13
06/02/2021,$125.06,59278860,$124.28,$125.24,$124.05
06/01/2021,$124.28,67637120,$125.08,$125.35,$123.94
05/28/2021,$124.61,71311110,$125.57,$125.8,$124.55
05/27/2021,$125.28,94625600,$126.44,$127.64,$125.08
05/26/2021,$126.85,56575920,$126.955,$127.39,$126.42
05/25/2021,$126.9,72009480,$127.82,$128.32,$126.32
05/24/2021,$127.1,63092950,$126.01,$127.94,$125.94
05/21/2021,$125.43,79295440,$127.82,$128,$125.21
05/20/2021,$127.31,76857120,$125.23,$127.72,$125.1
05/19/2021,$124.69,92611990,$123.16,$124.915,$122.86
05/18/2021,$124.85,63342930,$126.56,$126.99,$124.78
05/17/2021,$126.27,74116550,$126.82,$126.93,$125.17
05/14/2021,$127.45,81917950,$126.25,$127.89,$125.85
05/13/2021,$124.97,105861300,$124.58,$126.15,$124.26
05/12/2021,$122.77,112172300,$123.4,$124.64,$122.25
05/11/2021,$125.91,126142800,$123.5,$126.27,$122.77
05/10/2021,$126.85,88071230,$129.41,$129.54,$126.81
05/07/2021,$130.21,78973270,$130.85,$131.2582,$129.475
05/06/2021,$129.74,78128330,$127.89,$129.75,$127.13
05/05/2021,$128.1,84000900,$129.2,$130.45,$127.97
05/04/2021,$127.85,137564700,$131.19,$131.4899,$126.7
05/03/2021,$132.54,75135100,$132.04,$134.07,$131.83
04/30/2021,$131.46,109839500,$131.78,$133.56,$131.065
04/29/2021,$133.48,151101000,$136.47,$137.07,$132.45
04/28/2021,$133.58,107760100,$134.31,$135.02,$133.08
04/27/2021,$134.39,66015800,$135.01,$135.41,$134.11
04/26/2021,$134.72,66905070,$134.83,$135.06,$133.56
04/23/2021,$134.32,78756780,$132.16,$135.12,$132.16
04/22/2021,$131.94,84566460,$133.04,$134.15,$131.41
04/21/2021,$133.5,68847140,$132.36,$133.75,$131.3001
04/20/2021,$133.11,94812350,$135.02,$135.53,$131.81
04/19/2021,$134.84,94264220,$133.51,$135.47,$133.34
04/16/2021,$134.16,84922390,$134.3,$134.67,$133.28
04/15/2021,$134.5,89347100,$133.82,$135,$133.64
04/14/2021,$132.03,87222780,$134.94,$135,$131.655
04/13/2021,$134.43,91266550,$132.44,$134.66,$131.93
04/12/2021,$131.24,91419980,$132.52,$132.85,$130.63
04/09/2021,$132.995,106686700,$129.8,$133.04,$129.47
04/08/2021,$130.36,88844590,$128.95,$130.39,$128.52
04/07/2021,$127.9,83466720,$125.83,$127.92,$125.14
04/06/2021,$126.21,80171250,$126.5,$127.13,$125.65
04/05/2021,$125.9,88651180,$123.87,$126.1601,$123.07
04/01/2021,$123,75089130,$123.66,$124.18,$122.49
03/31/2021,$122.15,118323800,$121.65,$123.52,$121.15
03/30/2021,$119.9,85671920,$120.11,$120.4031,$118.86
03/29/2021,$121.39,80819200,$121.65,$122.58,$120.7299
03/26/2021,$121.21,94071230,$120.35,$121.48,$118.92
03/25/2021,$120.59,98844680,$119.54,$121.66,$119
03/24/2021,$120.09,88530490,$122.82,$122.9,$120.065
03/23/2021,$122.54,95467140,$123.33,$124.24,$122.14
03/22/2021,$123.39,111912300,$120.33,$123.87,$120.26
03/19/2021,$119.99,185549500,$119.9,$121.43,$119.675
03/18/2021,$120.53,121469800,$122.88,$123.18,$120.32
03/17/2021,$124.76,111932600,$124.05,$125.8599,$122.336
03/16/2021,$125.57,115227900,$125.7,$127.22,$124.715
03/15/2021,$123.99,92590560,$121.41,$124,$120.42
03/12/2021,$121.03,88105050,$120.4,$121.17,$119.16
03/11/2021,$121.96,103026500,$122.54,$123.21,$121.26
03/10/2021,$119.98,111943300,$121.69,$122.17,$119.45
03/09/2021,$121.085,129525800,$119.03,$122.06,$118.79
03/08/2021,$116.36,154376600,$120.93,$121,$116.21
03/05/2021,$121.42,153766600,$120.98,$121.935,$117.57
03/04/2021,$120.13,178155000,$121.75,$123.6,$118.62
03/03/2021,$122.06,112966300,$124.81,$125.71,$121.84
03/02/2021,$125.12,102260900,$128.41,$128.72,$125.01
03/01/2021,$127.79,116307900,$123.75,$127.93,$122.79
02/26/2021,$121.26,164560400,$122.59,$124.85,$121.2
02/25/2021,$120.99,148199500,$124.68,$126.4585,$120.54
02/24/2021,$125.35,111039900,$124.94,$125.56,$122.23
02/23/2021,$125.86,158273000,$123.76,$126.71,$118.39
02/22/2021,$126,103916400,$128.01,$129.72,$125.6
02/19/2021,$129.87,87668830,$130.24,$130.71,$128.8
02/18/2021,$129.71,96856750,$129.2,$129.995,$127.41
02/17/2021,$130.84,98085250,$131.25,$132.22,$129.47
02/16/2021,$133.19,80576320,$135.49,$136.01,$132.79
02/12/2021,$135.37,60145130,$134.35,$135.53,$133.6921
02/11/2021,$135.13,64280030,$135.9,$136.39,$133.77
02/10/2021,$135.39,73046560,$136.48,$136.99,$134.4
02/09/2021,$136.01,76774210,$136.62,$137.877,$135.85
02/08/2021,$136.91,71297210,$136.03,$136.96,$134.92
02/05/2021,$136.76,75693830,$137.35,$137.42,$135.86
02/04/2021,$137.39,84183060,$136.3,$137.4,$134.59
02/03/2021,$133.94,89880940,$135.76,$135.77,$133.61
02/02/2021,$134.99,83305370,$135.73,$136.31,$134.61
02/01/2021,$134.14,106239800,$133.75,$135.38,$130.93
01/29/2021,$131.96,177523800,$135.83,$136.74,$130.21
01/28/2021,$137.09,142621100,$139.52,$141.99,$136.7
01/27/2021,$142.06,140843800,$143.43,$144.3,$140.41
01/26/2021,$143.16,98390560,$143.6,$144.3,$141.37
01/25/2021,$142.92,157611700,$143.07,$145.09,$136.54
01/22/2021,$139.07,114459400,$136.28,$139.85,$135.02
01/21/2021,$136.87,120529500,$133.8,$139.67,$133.59
01/20/2021,$132.03,104319500,$128.66,$132.49,$128.55
01/19/2021,$127.83,90757330,$127.78,$128.71,$126.938
01/15/2021,$127.14,111598500,$128.78,$130.2242,$127
01/14/2021,$128.91,90221760,$130.8,$131,$128.76
01/13/2021,$130.89,88636830,$128.76,$131.45,$128.49
01/12/2021,$128.8,91951150,$128.5,$129.69,$126.86
01/11/2021,$128.98,100620900,$129.19,$130.17,$128.5
01/08/2021,$132.05,105158200,$132.43,$132.63,$130.23
01/07/2021,$130.92,109578200,$128.36,$131.63,$127.86
01/06/2021,$126.6,155088000,$127.72,$131.0499,$126.382
01/05/2021,$131.01,97664900,$128.89,$131.74,$128.43
01/04/2021,$129.41,143301900,$133.52,$133.6116,$126.76
12/31/2020,$132.69,99116590,$134.08,$134.74,$131.72
12/30/2020,$133.72,96452120,$135.58,$135.99,$133.4
12/29/2020,$134.87,121047300,$138.05,$138.789,$134.3409
12/28/2020,$136.69,124486200,$133.99,$137.34,$133.51
12/24/2020,$131.97,54930060,$131.32,$133.46,$131.1
12/23/2020,$130.96,88223690,$132.16,$132.43,$130.78
12/22/2020,$131.88,169351800,$131.61,$134.405,$129.65
12/21/2020,$128.23,121251600,$125.02,$128.31,$123.449
12/18/2020,$126.655,192541500,$128.96,$129.1,$126.12
12/17/2020,$128.7,94359810,$128.9,$129.58,$128.045
12/16/2020,$127.81,98208590,$127.41,$128.37,$126.56
12/15/2020,$127.88,157572300,$124.34,$127.9,$124.13
12/14/2020,$121.78,79075990,$122.6,$123.35,$121.54
12/11/2020,$122.41,86939790,$122.43,$122.76,$120.55
12/10/2020,$123.24,81312170,$120.5,$123.87,$120.15
12/09/2020,$121.78,115089200,$124.53,$125.95,$121
12/08/2020,$124.38,82225510,$124.37,$124.98,$123.09
12/07/2020,$123.75,86711990,$122.31,$124.57,$122.25
12/04/2020,$122.25,78260420,$122.6,$122.8608,$121.52
12/03/2020,$122.94,78967630,$123.52,$123.78,$122.21
12/02/2020,$123.08,89004200,$122.02,$123.37,$120.89
12/01/2020,$122.72,128166800,$121.01,$123.4693,$120.01
11/30/2020,$119.05,169410200,$116.97,$120.97,$116.81
11/27/2020,$116.59,46691330,$116.57,$117.49,$116.22
11/25/2020,$116.03,76499230,$115.55,$116.75,$115.17
11/24/2020,$115.17,113874200,$113.91,$115.85,$112.59
11/23/2020,$113.85,127959300,$117.18,$117.6202,$113.75
11/20/2020,$117.34,73604290,$118.64,$118.77,$117.29
11/19/2020,$118.64,74112970,$117.59,$119.06,$116.81
11/18/2020,$118.03,76322110,$118.61,$119.82,$118
11/17/2020,$119.39,74270970,$119.55,$120.6741,$118.96
11/16/2020,$120.3,91183020,$118.92,$120.99,$118.146
11/13/2020,$119.26,81688590,$119.44,$119.6717,$117.87
11/12/2020,$119.21,103350700,$119.62,$120.53,$118.57
11/11/2020,$119.49,112295000,$117.19,$119.63,$116.44
11/10/2020,$115.97,138023400,$115.55,$117.59,$114.13
11/09/2020,$116.32,154515300,$120.5,$121.99,$116.05
11/06/2020,$118.69,114457900,$118.32,$119.2,$116.13
11/05/2020,$119.03,126387100,$117.95,$119.62,$116.8686
11/04/2020,$114.95,138235500,$114.14,$115.59,$112.35
11/03/2020,$110.44,107624400,$109.66,$111.49,$108.73
11/02/2020,$108.77,122866900,$109.11,$110.68,$107.32